title,guid,tags
Nye-Ham evolution debate - Afterthoughts,/?p=480,"Jesus, Heaven, Hell, Faith, Miracles, Joy"
Ephesians 1:13-14,/?p=511,"Forgiveness, The Cross, Jesus, Holy Spirit, Salvation, Heaven, Eternal Life, Faith, Love, Joy, Peace, Goodness, Gentleness, Sin, Anger, Aging"
John 3:16 - The Lord&#039;s Supper,/?p=578,"Sanctification, Mercy, The Cross, Jesus, Salvation, Heaven, Eternal Life, Faith, Hope, Death, Love, Joy, Peace, Kindness, Sin, Unbelief"
He is Risen!,/?p=750,"Jesus, Faith, Death, Love, Sin, Anger"
Resurrection Sunday,/?p=752,"The Cross, Jesus, Holy Spirit, Salvation, Heaven, Repentance, Hell, Faith, Encouragement, Miracles, Death, Love, Peace, Sin, Unbelief, Suicide"
Jesus is Risen,/?p=754,"Jesus, Hope, Love"
Galathians 3.10-14 - The Lord&#039;s Supper,/?p=865,"Mercy, The Cross, Jesus, Holy Spirit, Salvation, Heaven, Hell, Faith, Hope, Death, Love, Sin, Adultery, Pride, Obedience, Suicide"
Philemon - Redemption and Reconciliation,/?p=1147,"Mercy, Forgiveness, The Cross, Jesus, Salvation, Heaven, Repentance, Prayer, Faith, Love, Joy, Peace, Sin, Lust, Friendship, Obedience, Persecution"
Jesus is Risen!,/?p=1489,"Forgiveness, Jesus, Repentance, Faith, Death, Love, Sin"
Galatians 3:19-29 - The Purpose of The Law,http://www.koinoniafellowship.com/rayviola/?p=1553,"The Cross, Jesus, Holy Spirit, Salvation, Eternal Life, Baptism, Worship, Faith, Death, Love, Joy, Sin, Lust, Self-Righteousness"
The Gospel comes to Corinth,http://www.koinoniafellowship.com/rayviola/?p=1755,"Jesus, Hope, Spiritual Gifts, Love, Sin, Anger"
Intro to Corinthians,http://www.koinoniafellowship.com/rayviola/?p=1759,"Jesus, Baptism, Worship, Prayer, Faith, Encouragement, Love, Joy, Peace, Sin, Anger, Blasphemy"
The Gospel Of Romans,http://www.koinoniafellowship.com/rayviola/?p=1850,"Forgiveness, Jesus, Salvation, Love, Peace, Sin, Unbelief"
The Epistles Of John,http://www.koinoniafellowship.com/rayviola/?p=1959,"Jesus, Assurance of Salvation, Salvation, Faith, Joy, Greed, Idolatry"
Romans 8:28,http://www.koinoniafellowship.com/rayviola/?p=2394,"Mercy, The Cross, Jesus, Holy Spirit, Salvation, Heaven, Eternal Life, Worship, Faith, Hope, Death, Love, Joy, Peace, Sin, Bitterness, Idolatry, Obedience, Persecution"
Only the blood of Jesus,/?p=1068,"Forgiveness, The Cross, Jesus, Salvation, Faith, Death, Love, Joy, Sin"
Wonderful Grace,https://selahonradio.com/?p=6755,"The Cross, Jesus, Salvation, Faith, Kindness, Sin"
The Gospel Of Gladness,https://selahonradio.com/?p=6771,"Jesus, Heaven, Hope"
The Proclamation of the Incarnation,http://www.koinoniafellowship.com/rayviola/?p=2385,"Forgiveness, The Cross, Jesus, Holy Spirit, Heaven, Eternal Life, Hell, Baptism, Faith, Hope, Death, Joy, Peace, Sin, Anger"
The Lord is My Shepherd,https://selahonradio.com/?p=5509,"Mercy, Jesus, Eternal Life, Death, Love, Goodness"
From Birth To The Throne,https://selahonradio.com/?p=5519,"Jesus, Salvation, Heaven, Worship, Hope, Sin"
The Glory of God in Jesus Christ,https://selahonradio.com/?p=5546,"Mercy, Jesus, Heaven, Love, Sin"
The Purpose of the Incarnation,https://selahonradio.com/?p=6611,"Jesus, Eternal Life, Love, Sin"
Giving Glory to God,/?p=1303,"Jesus, Worship, Peace, Anger"
God is love,/?p=1311,"Jesus, Worship, Love, Lust"
Bitter And Sweet,http://www.koinoniafellowship.com/rayviola/?p=2102,"Jesus, Spiritual Warfare, Joy, Bitterness"
I Make All Things New,https://selahonradio.com/?p=7432,"Jesus, Salvation, Heaven, Death, Sin"
Read the whole verse,/?p=1288,"The Cross, Jesus, Prayer, Faith, Love, Sin"
My testimony is not the Gospel,/?p=1291,"Forgiveness, Jesus, Salvation, Worship, Joy, Peace, Sin, Holiness"
The witness of God,http://www.koinoniafellowship.com/rayviola/?p=2138,"Mercy, Jesus, Prayer, Love, Sin"
Keep Walking,/?p=1272,"Sanctification, The Cross, Jesus, Salvation, Faith, Love, Sin"
Dont Let Your Faith Be Hijacked!,http://www.koinoniafellowship.com/rayviola/?p=2142,"Jesus, Holy Spirit, Love, Sin"
The S Word,http://www.koinoniafellowship.com/rayviola/?p=2171,"Joy, Peace, Patience, Sin, Envy"
For those who love Him,/?p=1422,"Forgiveness, Jesus, Heaven, Faith, Love, Sin"
Walk in The Spirit,/?p=1425,"Jesus, Prayer, Faith, Love, Joy, Goodness, Gentleness, Sin, Lust, Holiness"
And it shall come to pass,/?p=1460,"Jesus, Heaven, Prayer, Love, Peace, Sin"
The God of Elijah,/?p=1471,"Jesus, Heaven, Peace"
Consider your ways,/?p=1434,"The Cross, Jesus, Heaven, Faith, Love, Joy, Sin"
The Cure for Sin,/?p=1444,"Forgiveness, Jesus, Heaven, Eternal Life, Faith, Death, Love, Sin, Complaining"
By My Spirit saith The Lord,/?p=1453,"Jesus, Holy Spirit, Salvation, Heaven, Faith, Love"
Free!,/?p=1474,"Jesus, Eternal Life, Sin, Lust"
Thy Faith,/?p=1406,"Forgiveness, Jesus, Faith, Love, Peace, Sin"
We joy in God!,/?p=1412,"Jesus, Salvation, Baptism, Faith, Death, Love, Joy, Peace, Goodness, Gentleness"
For those who mourn,http://www.koinoniafellowship.com/rayviola/?p=1499,"Mercy, The Cross, Jesus, Salvation, Repentance, Death, Sin, Envy"
Consider Your Ways,http://www.koinoniafellowship.com/rayviola/?p=1505,"Jesus, Prayer, Love, Joy, Peace, Sin"
He Saw Their Faith,http://www.koinoniafellowship.com/rayviola/?p=1510,"Jesus, Faith, Love, Sin, Anger, Unbelief"
The Living Spirit,http://www.koinoniafellowship.com/rayviola/?p=1512,"Jesus, Holy Spirit, Prayer, Sin"
Moved with Compassion,http://www.koinoniafellowship.com/rayviola/?p=1515,"The Cross, Jesus, Compassion, Love, Peace, Sin"
God does not Forget,http://www.koinoniafellowship.com/rayviola/?p=1524,"Jesus, Love"
True Greatness,http://www.koinoniafellowship.com/rayviola/?p=1533,"Jesus, Sin, Addiction"
Commitment,http://www.koinoniafellowship.com/rayviola/?p=1535,"Jesus, Worship, Prayer, Love, Sin"
"He is Not Here, But He is Risen",https://selahonradio.com/?p=8261,"Jesus, Worship, Faith, Death, Love, Sin"
The Cloud of God,/?p=1484,"Jesus, Prayer, Love"
The congregation of the Dead,http://www.koinoniafellowship.com/rayviola/?p=1541,"Jesus, Heaven, Death, Love, Sin, Lust"
A Faith that works,http://www.koinoniafellowship.com/rayviola/?p=1543,"Jesus, Faith, Love"
Living with a Good Conscience,http://www.koinoniafellowship.com/rayviola/?p=1549,"The Cross, Jesus, Faith, Spiritual Warfare, Sin, Anger"
The Mission of Jesus,https://selahonradio.com/?p=8286,"Jesus, Holy Spirit, Salvation, Heaven, Love, Sin"
The Choice is Yours,https://selahonradio.com/?p=8297,"The Cross, Jesus, Heaven, Faith, Hope, Joy, Sin, Self-Righteousness"
There is Power in the Blood of Jesus,https://selahonradio.com/?p=8303,"Forgiveness, Jesus, Faith, Love, Sin"
The Yielded Life,/?p=1476,"Jesus, Heaven, Holiness"
Eternal Life!,/?p=1480,"Jesus, Salvation, Eternal Life, Death, Love, Sin"
Poor in Spirit,http://www.koinoniafellowship.com/rayviola/?p=1497,"Jesus, Salvation, Heaven, Joy, Sin"
"Worship God, not Worship",http://www.koinoniafellowship.com/rayviola/?p=1545,"Jesus, Holy Spirit, Worship, Love, Sin, Anger"
The Power of Faith and Hope in God,http://www.koinoniafellowship.com/rayviola/?p=1637,"Jesus, Heaven, Faith, Love, Sin, Anger"
You get what you give away,http://www.koinoniafellowship.com/rayviola/?p=1645,"Jesus, Love, Covetousness, Greed"
In God We Trust,http://www.koinoniafellowship.com/rayviola/?p=1826,"Holy Spirit, Heaven, Sin, Obedience"
The Liberty to Love One Another,http://www.koinoniafellowship.com/rayviola/?p=1626,"Jesus, Salvation, Faith, Death, Love, Peace"
"Being Holy, Not Hip",http://www.koinoniafellowship.com/rayviola/?p=1635,"Jesus, Prayer, Faith, Love, Sin"
The Spirit of Pentecost,/?p=1487,"Jesus, Baptism, Worship, Prayer, Faith, Love, Faithfulness, Sin"
The Big Picture,http://www.koinoniafellowship.com/rayviola/?p=1664,"Jesus, Holy Spirit, Eternal Life"
Nothing but the Blood of Jesus,http://www.koinoniafellowship.com/rayviola/?p=1666,"Forgiveness, Jesus, Worship, Faith, Love, Sin"
The Joy of Fellowship with Christ,http://www.koinoniafellowship.com/rayviola/?p=1668,"Jesus, Worship, Faith, Love"
The God of Today,http://www.koinoniafellowship.com/rayviola/?p=1658,"Jesus, Salvation, Faith, Love, Peace"
Sent from God,http://www.koinoniafellowship.com/rayviola/?p=1678,"Forgiveness, Jesus, Holy Spirit, Heaven, Faith, Love, Sin"
The deception of the flesh,http://www.koinoniafellowship.com/rayviola/?p=1763,"Forgiveness, Jesus, Worship, Faith, Death, Love, Sin, Integrity"
Who Is This King Of Glory?,http://www.koinoniafellowship.com/rayviola/?p=1765,"Jesus, Heaven, Love, Peace, Sin"
Christ Is The Gospel,http://www.koinoniafellowship.com/rayviola/?p=1773,"Sanctification, Jesus, Eternal Life, Hope, Love, Joy, Sin"
"Jesus, The Son Of God",http://www.koinoniafellowship.com/rayviola/?p=1779,"Jesus, Prayer, Faith, Sin"
Strength in Weakness,http://www.koinoniafellowship.com/rayviola/?p=1647,"Jesus, Faith, Death, Love, Sin, Obedience"
The Atonement,http://www.koinoniafellowship.com/rayviola/?p=1732,"The Cross, Jesus, Salvation, Faith, Sin"
The High Calling of God,http://www.koinoniafellowship.com/rayviola/?p=1739,"Sanctification, The Cross, Jesus, Salvation, Prayer, Love"
Why Do We Go to Church?,https://selahonradio.com/?p=8462,"Jesus, Worship, Prayer, Love"
The Revelation of Jesus Christ,http://www.koinoniafellowship.com/rayviola/?p=1750,"Jesus, Salvation, Heaven, Worship, Faith, Love, Sin"
The King is coming!,http://www.koinoniafellowship.com/rayviola/?p=1752,Jesus
The Knowledge and Glory of God,http://www.koinoniafellowship.com/rayviola/?p=1757,"Forgiveness, Jesus, Eternal Life, Worship, Spiritual Gifts, Sin"
Persecution For Righteousness Sake,http://www.koinoniafellowship.com/rayviola/?p=1770,"Jesus, Faith, Love, Persecution"
To Him Who Overcomes,http://www.koinoniafellowship.com/rayviola/?p=1800,"Jesus, Repentance, Faith, Unbelief"
"Sing, Rejoice And Praise",http://www.koinoniafellowship.com/rayviola/?p=1846,"Mercy, Jesus, Faith, Hope, Patience, Sin"
"Follow Christ, Not Man",http://www.koinoniafellowship.com/rayviola/?p=1729,"Mercy, Jesus, Sin"
Dead In The Light,http://www.koinoniafellowship.com/rayviola/?p=1791,"Jesus, Heaven, Faith, Love, Faithfulness"
The God Of The Open Door,http://www.koinoniafellowship.com/rayviola/?p=1793,"Jesus, Faith, Hope, Love, Sin"
The Promise Of The Father,http://www.koinoniafellowship.com/rayviola/?p=1806,"Jesus, Holy Spirit, Worship, Faith"
Pauls Hall Of Faith,http://www.koinoniafellowship.com/rayviola/?p=1854,Faith
Remember Me,https://selahonradio.com/?p=8509,"Forgiveness, Jesus, Heaven, Hell, Prayer, Faith, Hope, Love, Goodness, Sin, Envy, Jealousy"
Psalm 62 - I shall not be moved,http://www.koinoniafellowship.com/rayviola/?p=1810,"Mercy, Jesus, Salvation, Heaven, Eternal Life, Prayer, Faith, Hope, Love, Sin, Anger, Unbelief"
Glorious Things,http://www.koinoniafellowship.com/rayviola/?p=1813,"Jesus, Hope, Love, Patience, Sin, Holiness"
Beyond Ourselves,http://www.koinoniafellowship.com/rayviola/?p=1821,"Jesus, Holy Spirit, Faith, Persecution"
The Armor Of Light,http://www.koinoniafellowship.com/rayviola/?p=1828,"Faith, Love, Anger, Obedience"
Keeping Our Eyes On Jesus,http://www.koinoniafellowship.com/rayviola/?p=1832,"Jesus, Hell, Love, Sin"
Watch Ye and Pray,https://selahonradio.com/?p=8530,"The Cross, Jesus, Prayer, Faith, Love, Sin"
God Reigns,http://www.koinoniafellowship.com/rayviola/?p=1802,"Forgiveness, Jesus, Heaven, Faith, Love, Sin"
The Will Of God,http://www.koinoniafellowship.com/rayviola/?p=1930,"Jesus, Heaven, Prayer, Sin, Anger"
Knowing God,http://www.koinoniafellowship.com/rayviola/?p=1860,"Jesus, Holy Spirit, Heaven, Eternal Life, Faith"
Presumptuous sin and God's timing,http://www.koinoniafellowship.com/rayviola/?p=1868,"Sin, Anger, Unbelief"
Bearing the Fruit of The Spirit,https://selahonradio.com/?p=8562,"Jesus, Faith, Love, Joy, Peace, Goodness, Gentleness, Sin"
Listening for God,https://selahonradio.com/?p=8563,"Jesus, Heaven, Love"
Wisdom is a Verb,https://selahonradio.com/?p=8564,"Jesus, Heaven, Eternal Life, Faith, Love"
Untitled Servants.The Glory of Christ,https://selahonradio.com/?p=8565,"Jesus, Love"
Grace Alone,https://selahonradio.com/?p=8567,"Mercy, The Cross, Jesus, Salvation, Faith, Love, Sin"
The Resurrection of Jesus The Great Commission,https://selahonradio.com/?p=8568,"Forgiveness, Jesus, Faith, Hope, Love, Peace, Sin"
The King is Coming!,http://www.koinoniafellowship.com/rayviola/?p=1892,"Jesus, Salvation, Heaven, Worship, Love, Sin"
The Wells Of Salvation,http://www.koinoniafellowship.com/rayviola/?p=1903,"Jesus, Salvation, Love, Joy, Sin"
A Word About Wisdom,http://www.koinoniafellowship.com/rayviola/?p=1905,"Heaven, Faith, Sin, Obedience"
The power of waiting on God,http://www.koinoniafellowship.com/rayviola/?p=1910,"Jesus, Salvation, Prayer, Faith, Sin"
Displeasure with God's goodness,http://www.koinoniafellowship.com/rayviola/?p=1912,"Mercy, Forgiveness, Heaven, Repentance, Compassion, Love, Joy, Goodness, Sin, Anger, Complaining, Obedience"
Rejoice!,http://www.koinoniafellowship.com/rayviola/?p=1915,"The Cross, Jesus, Faith, Hope, Love, Joy, Sin"
The Truth About Temptation,http://www.koinoniafellowship.com/rayviola/?p=1875,"Jesus, Holy Spirit, Prayer, Sin, Anger"
"Relationship, Not Religion",http://www.koinoniafellowship.com/rayviola/?p=1880,"The Cross, Jesus, Holy Spirit, Faith, Sin"
Faith - Dead Or Alive?,http://www.koinoniafellowship.com/rayviola/?p=1897,"Jesus, Faith, Love, Obedience"
"Ruth, A Message Of Gods Redeeming Love",http://www.koinoniafellowship.com/rayviola/?p=1943,"Jesus, Salvation, Death, Sin, Obedience"
Under Gods Care,http://www.koinoniafellowship.com/rayviola/?p=1945,"Jesus, Heaven, Love, Sin"
Not of This World,https://selahonradio.com/?p=8613,"Jesus, Heaven, Joy, Peace, Persecution"
Our Unchanging God In A Changing World,http://www.koinoniafellowship.com/rayviola/?p=1882,"Jesus, Heaven, Hope, Love, Sin"
No Partiality,http://www.koinoniafellowship.com/rayviola/?p=1890,"Jesus, Salvation, Prayer, Love, Sin"
Saved To Serve The King,http://www.koinoniafellowship.com/rayviola/?p=1899,"Jesus, Repentance, Faith, Encouragement, Love, Sin"
Growing Up In The Lord,http://www.koinoniafellowship.com/rayviola/?p=1968,"Jesus, Faith, Love, Sin"
Gods Well Of Salvation,http://www.koinoniafellowship.com/rayviola/?p=1977,"Mercy, Forgiveness, The Cross, Jesus, Salvation, Heaven, Compassion, Joy, Sin"
New Birth Means New Life,http://www.koinoniafellowship.com/rayviola/?p=1979,"Jesus, Salvation, Hell, Faith, Hope, Love, Sin, Abuse"
The Nature Of Love,http://www.koinoniafellowship.com/rayviola/?p=1981,"The Cross, Jesus, Hope, Love, Sin, Obedience"
"Creator, Redeemer, Lord",http://www.koinoniafellowship.com/rayviola/?p=1983,"The Cross, Jesus, Heaven, Faith, Death, Love, Sin, Obedience"
"Be strong, for I am with you",http://www.koinoniafellowship.com/rayviola/?p=1954,"Jesus, Holy Spirit, Miracles, Leadership"
"Faith, Truth And Love",http://www.koinoniafellowship.com/rayviola/?p=1987,"The Cross, Jesus, Faith, Love, Sin"
The Glorious Cross Of Christ,http://www.koinoniafellowship.com/rayviola/?p=1989,"Mercy, Forgiveness, The Cross, Jesus, Faith, Hope, Love, Sin"
More Than Conquerors,http://www.koinoniafellowship.com/rayviola/?p=1998,"The Cross, Jesus, Prayer, Faith, Love, Sin"
He Who Has The Son Has Life,http://www.koinoniafellowship.com/rayviola/?p=2000,"Jesus, Holy Spirit, Assurance of Salvation, Salvation, Heaven, Repentance, Eternal Life, Faith, Hope, Death, Sin"
The Privilege Of Prayer,http://www.koinoniafellowship.com/rayviola/?p=2004,"Jesus, Heaven, Prayer, Faith, Miracles, Love, Sin"
Help,http://www.koinoniafellowship.com/rayviola/?p=2011,"Mercy, Jesus, Salvation, Prayer, Faith, Love, Joy, Sin"
Walking Worthy,https://selahonradio.com/?p=8680,"Jesus, Salvation, Heaven, Worship, Faith, Hope, Peace"
Beware of Covetousness....Merry Christmas?,/?p=1390,"Jesus, Love, Joy, Covetousness, Contentment"
"Jesus Christ, our Stronghold",/?p=1410,"The Cross, Jesus, Faith, Love, Sin"
True Liberty,http://www.koinoniafellowship.com/rayviola/?p=1886,"Jesus, Faith, Death, Joy, Sin"
The Lordship Of Jesus Christ,http://www.koinoniafellowship.com/rayviola/?p=1957,"Jesus, Salvation, Heaven, Repentance, Faith"
Walking In The Light,http://www.koinoniafellowship.com/rayviola/?p=1961,"Jesus, Sin"
"Emmanuel, God With Us",/?p=1437,"Jesus, Salvation, Heaven, Repentance, Worship, Prayer, Faith, Death, Love, Joy, Sin, Obedience, Persecution"
From birth to the Throne,/?p=1448,"Jesus, Salvation, Heaven, Worship, Hope, Sin"
"Jesus, Lamb Of God",https://selahonradio.com/?p=5421,"Forgiveness, Jesus, Heaven, Worship, Faith, Sin"
"Emmanuel, God With Us",https://selahonradio.com/?p=5517,"Jesus, Prayer, Hope, Joy, Sin, Hopelessness"
The Revealing of Jesus Christ,https://selahonradio.com/?p=7374,"Jesus, Heaven, Eternal Life, Prayer, Love, Joy, Sin"
Good tidings of Great Joy,/?p=1374,"Forgiveness, Jesus, Heaven, Worship, Joy, Goodness, Sin"
The fruit and power of knowing God,http://www.koinoniafellowship.com/rayviola/?p=2013,"Jesus, Faith, Love, Joy, Patience, Kindness, Sin"
Spiritual Discipline,http://www.koinoniafellowship.com/rayviola/?p=2020,"Jesus, Salvation, Faith, Self Control, Sin, Anger, Lust"
"Choose Jesus, Choose Joy",https://selahonradio.com/?p=6596,"Jesus, Heaven, Hell, Joy, Sin"
A Child is Born,https://selahonradio.com/?p=6601,"Jesus, Salvation, Death, Love, Peace, Sin"
Savior,https://selahonradio.com/?p=6682,"Forgiveness, Jesus, Salvation, Prayer, Joy, Sin"
Pressing into Jesus,/?p=1265,"The Cross, Jesus, Faith, Love, Peace, Sin"
Draw the Line,/?p=1268,"Jesus, Compassion, Love, Sin, Holiness"
Victory In The Blood Of Jesus,http://www.koinoniafellowship.com/rayviola/?p=2147,"The Cross, Jesus, Holy Spirit, Heaven, Faith, Death, Love, Sin"
The Strength Of The Lord,http://www.koinoniafellowship.com/rayviola/?p=2149,"Jesus, Faith, Encouragement, Love"
Such Great Redemption,http://www.koinoniafellowship.com/rayviola/?p=2152,"Forgiveness, The Cross, Jesus, Salvation, Faith, Sin, Pride"
The Beast Out Of The Earth,http://www.koinoniafellowship.com/rayviola/?p=2158,"Worship, Miracles, Love"
Theology And Faith,http://www.koinoniafellowship.com/rayviola/?p=2160,"Jesus, Baptism, Faith, Love, Contentment"
Body Building,/?p=1250,"Jesus, Prayer, Love"
Jesus is Lord of All,/?p=1256,"The Cross, Jesus, Heaven, Hell, Worship, Faith, Death, Love, Peace, Sin"
The Depravity Of Man,http://www.koinoniafellowship.com/rayviola/?p=2099,"Jesus, Salvation, Eternal Life, Worship, Sin"
Spiritual Growth,http://www.koinoniafellowship.com/rayviola/?p=2162,"Jesus, Holy Spirit, Worship, Faith, Love, Sin, Anger"
"Jesus, The Lamb Of God",http://www.koinoniafellowship.com/rayviola/?p=2164,"The Cross, Jesus, Heaven, Gentleness, Sin"
"Marriage, The Masters Plan",http://www.koinoniafellowship.com/rayviola/?p=2166,"Prayer, Sin"
Blessed is He Who Comes,https://selahonradio.com/?p=7510,"Jesus, Miracles, Sin"
Gods Witness Protection Program,/?p=1245,"Jesus, Holy Spirit, Heaven, Prayer, Faith, Love, Sin, Anger"
When we are overwhelmed,/?p=1252,"Mercy, Jesus, God's Love, Prayer, Faith, Hope, Love, Sin"
Perfect Peace,/?p=1381,"Jesus, Faith, Love, Peace, Aging"
Seeking God is good for your heart,/?p=1383,"Worship, Prayer, Joy, Sin"
The Age of The Spirit,/?p=1392,"Jesus, Holy Spirit, Heaven"
The Law of Faith and Life,http://www.koinoniafellowship.com/rayviola/?p=2124,"Jesus, Faith, Death, Sin"
The Antichrist,http://www.koinoniafellowship.com/rayviola/?p=2154,"Jesus, Holy Spirit, Love"
The Everlasting Gospel,http://www.koinoniafellowship.com/rayviola/?p=2184,"Mercy, Forgiveness, Jesus, Salvation, Heaven, Repentance, Compassion, Worship, Love, Sin, Holiness"
"Redeem the time, because the days are evil",http://www.koinoniafellowship.com/rayviola/?p=2186,"Jesus, Worship, Love, Joy, Sin"
"For we walk by faith, not by sight",http://www.koinoniafellowship.com/rayviola/?p=2193,"Mercy, Jesus, Faith, Hope, Love, Peace, Anger, Bitterness, Contentment"
Gods Witness Protection Program,http://www.koinoniafellowship.com/rayviola/?p=2198,"Jesus, Holy Spirit, Heaven, Prayer, Faith, Love, Sin, Anger"
Better,http://www.koinoniafellowship.com/rayviola/?p=2203,"Jesus, Prayer, Faith, Death, Love, Joy, Peace, Sin, Obedience"
The Gospel - A Call To Repentance,http://www.koinoniafellowship.com/rayviola/?p=2211,"Jesus, Salvation, Repentance, Faith, Joy, Sin, Adultery"
Full Assurance,http://www.koinoniafellowship.com/rayviola/?p=2219,"Forgiveness, Jesus, Holy Spirit, Assurance of Salvation, Salvation, Faith, Hope, Love, Peace, Sin, Persecution"
From Gods Perspective,http://www.koinoniafellowship.com/rayviola/?p=2209,"Jesus, Heaven, Worship, Faith, Joy, Sin"
The Fear of The Lord,http://www.koinoniafellowship.com/rayviola/?p=2226,"Love, Sin"
You Alone Are Holy,http://www.koinoniafellowship.com/rayviola/?p=2237,"Jesus, Holy Spirit, Salvation, Heaven, Worship, Faith, Sin, Holiness"
The Life-Changing Gospel Of Jesus Christ,http://www.koinoniafellowship.com/rayviola/?p=2247,"The Cross, Jesus, Heaven, Miracles, Love, Sin"
The Balance Of Scripture,http://www.koinoniafellowship.com/rayviola/?p=2249,"Mercy, Jesus, Salvation, Hope, Love, Joy, Sin"
The peril of not delighting in God's Word,http://www.koinoniafellowship.com/rayviola/?p=2022,"Salvation, Heaven, Love, Sin"
The presence of God in our &quot;how longs?&quot;,http://www.koinoniafellowship.com/rayviola/?p=2035,"Mercy, Jesus, Heaven, Love, Sin"
Behold The Lamb Of God!,http://www.koinoniafellowship.com/rayviola/?p=2039,"Sanctification, Jesus, Heaven, Worship, Peace, Sin"
With The Lord,http://www.koinoniafellowship.com/rayviola/?p=2041,"Jesus, Heaven, Love, Peace"
Set your eyes upon The Lord,http://www.koinoniafellowship.com/rayviola/?p=2048,"Jesus, Faith, Peace"
The Risen LordThe Living Savior,https://selahonradio.com/?p=8923,"The Cross, Jesus, Faith, Death, Love"
Saving grace at work,http://www.koinoniafellowship.com/rayviola/?p=2059,"Jesus, Salvation, Repentance, Eternal Life, Faith, Peace, Sin, Holiness"
All Glory Unto God,http://www.koinoniafellowship.com/rayviola/?p=2061,"The Cross, Jesus, Heaven, Repentance, Love, Sin"
The Redeemer Of Man,http://www.koinoniafellowship.com/rayviola/?p=2063,"Jesus, Eternal Life, Faith, Sin"
The Testimony Of Jesus,http://www.koinoniafellowship.com/rayviola/?p=2076,"Jesus, Holy Spirit, Faith, Death, Love, Sin, Persecution"
Real Freedom,http://www.koinoniafellowship.com/rayviola/?p=2082,"Forgiveness, Jesus, Faith, Joy, Sin"
The Purpose Of His Coming,http://www.koinoniafellowship.com/rayviola/?p=2091,"Mercy, Forgiveness, The Cross, Jesus, Faith, Death, Love, Kindness, Sin, Self-Righteousness, Pride"
So send I you,http://www.koinoniafellowship.com/rayviola/?p=2333,"Jesus, Love, Sin, Addiction"
A very present help,http://www.koinoniafellowship.com/rayviola/?p=2337,"Jesus, Salvation, Prayer, Faith, Hope, Joy"
What is God like?,http://www.koinoniafellowship.com/rayviola/?p=2279,"Jesus, Heaven, Sin, Abuse"
It Is Done!,http://www.koinoniafellowship.com/rayviola/?p=2281,"Jesus, Heaven, Hope, Death, Sin"
Before The Foundation Of The World,http://www.koinoniafellowship.com/rayviola/?p=2290,"The Cross, Jesus, Salvation, Prayer, Faith, Hope, Love, Sin"
The Case For Grace,http://www.koinoniafellowship.com/rayviola/?p=2292,"The Cross, Jesus, Salvation, Hope, Death, Love, Sin"
Gods Final Sacrifice For Sin Forever,http://www.koinoniafellowship.com/rayviola/?p=2341,"Mercy, The Cross, Jesus, Holy Spirit, Salvation, Faith, Death, Love, Sin"
Grafted In,http://www.koinoniafellowship.com/rayviola/?p=2294,"The Cross, Jesus, Holy Spirit, Salvation, Faith, Death, Peace, Sin"
The Family of God,http://www.koinoniafellowship.com/rayviola/?p=2310,"Jesus, Love, Sin"
Gods Kingdom,http://www.koinoniafellowship.com/rayviola/?p=2398,"Jesus, Holy Spirit, Heaven, Joy, Peace, Sin"
Preach The Gospel,http://www.koinoniafellowship.com/rayviola/?p=2400,"Jesus, Salvation, Heaven, Repentance, Faith, Death, Sin"
Give Us This Day Our Daily Bread,http://www.koinoniafellowship.com/rayviola/?p=2402,"Jesus, Holy Spirit, Lust"
"Come, Let Us Pray",http://www.koinoniafellowship.com/rayviola/?p=2404,"Jesus, Prayer, Love, Sin"
The Role Of The Husband,http://www.koinoniafellowship.com/rayviola/?p=2175,Jesus
What is the meaning of life?,http://www.koinoniafellowship.com/rayviola/?p=2260,"Jesus, Heaven, Hell, Faith, Death, Love, Sin"
Jesus And Divorce,http://www.koinoniafellowship.com/rayviola/?p=2343,"Jesus, Death"
Beyond a Shadow of a Doubt,http://www.koinoniafellowship.com/rayviola/?p=2356,Death
Speaking The Truth In Love,http://www.koinoniafellowship.com/rayviola/?p=2379,"Jesus, Prayer, Love, Sin, Bitterness"
The Extra Mile For Jesus Sake,http://www.koinoniafellowship.com/rayviola/?p=2381,"The Cross, Jesus, Faith, Love, Joy, Patience, Sin"
Be Ye Perfect,http://www.koinoniafellowship.com/rayviola/?p=2383,"Jesus, Heaven, Compassion, Faith, Love, Sin, Lust, Adultery"
Beware Of Grace,http://www.koinoniafellowship.com/rayviola/?p=2387,"Forgiveness, Jesus, Holy Spirit, Hell, Faith, Death, Love, Sin, Anger"
Motives,http://www.koinoniafellowship.com/rayviola/?p=2389,"Jesus, Prayer, Love, Lust, Hypocrisy"
Praying For The Glory Of God,http://www.koinoniafellowship.com/rayviola/?p=2392,"Mercy, Jesus, Heaven, Prayer, Faith, Sin"
Grace and Peace,http://www.koinoniafellowship.com/rayviola/?p=2345,"Jesus, Holy Spirit, Eternal Life, Faith, Love, Peace"
In His Hands,http://www.koinoniafellowship.com/rayviola/?p=2351,"Jesus, Heaven, Prayer, Death, Love"
Walking by Faith in our Mighty God,http://www.koinoniafellowship.com/rayviola/?p=2353,"Faith, Love"
The salt of the Earth,http://www.koinoniafellowship.com/rayviola/?p=2362,"Jesus, Hope, Sin"
God-centered Living,http://www.koinoniafellowship.com/rayviola/?p=2411,"Jesus, Heaven, Sin, Anger"
Forgiving Others,/?p=2831,"Forgiveness, The Cross, Jesus, Heaven, Faith, Death, Love, Sin, Bitterness"
Thine Is The Kingdom,/?p=2833,"Jesus, Worship, Faith, Hope, Love, Joy, Peace"
Trials And Temptations,/?p=2848,"Jesus, Prayer, Sin, Obedience, Persecution"
Faith that obeys,/?p=2850,"Jesus, Worship, Faith, Love, Goodness, Sin, Obedience"
Fasting,/?p=2855,"Jesus, Prayer, Faith"
What Jesus Did For Us,/?p=2867,"The Cross, Jesus, Compassion, Miracles, Sin"
The Great Commission,/?p=2869,"Jesus, Heaven, Repentance, Compassion"
Saved to Serve,/?p=2882,"Mercy, Jesus, Faith"
Exhortation:Fanning the Flame of Faith,/?p=2893,"Worship, Prayer, Faith, Spiritual Warfare, Love, Sin, Anger, Unbelief, Abuse"
True Power,/?p=2895,"Jesus, Faith, Self Control, Sin, Anger, Lust, Envy"
The Truth Of The Gospel,/?p=2917,"Jesus, Holy Spirit, Heaven, Faith, Hope, Love, Sin"
Praying Without Ceasing,/?p=2919,"Jesus, Heaven, Prayer"
Fellowship With The Saints,/?p=2961,"Worship, Prayer, Encouragement, Sin, Anger, Bitterness"
Bringing People To Jesus,/?p=2963,"Mercy, Jesus, Heaven, Peace"
Being Perfect,https://selahonradio.com/?p=9174,"Sanctification, Jesus, Heaven, Love, Sin, Persecution"
Fully Assured Fully Committed,https://selahonradio.com/?p=9176,"Forgiveness, The Cross, Jesus, Salvation, Love, Sin, Holiness"
Contentment - How Much is Enough?,https://selahonradio.com/?p=9179,"Jesus, Love, Covetousness, Contentment"
Giving  A Way We Worship,https://selahonradio.com/?p=9180,"Worship, Love, Sin"
The All Sufficient Christ Our Lord,https://selahonradio.com/?p=9181,"Jesus, Salvation, Faith, Peace, Sin, Aging"
Will the Real Jesus Please Stand Up,https://selahonradio.com/?p=9182,"Forgiveness, The Cross, Jesus, Holy Spirit, Heaven, Sin, Blasphemy"
The Way of Righteousness,http://www.selahonradio.com/?p=3087,"Jesus, Heaven, Death, Love, Sin"
God Our Healer,http://www.selahonradio.com/?p=3096,"Jesus, Prayer, Faith, Love"
The Way of God - The Ways of Strength,http://www.selahonradio.com/?p=3102,"The Cross, Sin"
Spiritual Priorities,http://www.selahonradio.com/?p=3112,"Jesus, Faith, Sin"
Purity,http://www.selahonradio.com/?p=3121,"Jesus, Worship, Faith, Love, Sin"
Be Still and Know,http://www.selahonradio.com/?p=3150,"Jesus, Peace, Sin"
The Preeminent Jesus,https://selahonradio.com/?p=9183,"Forgiveness, Jesus, Faith, Hope, Faithfulness, Sin"
Dress Like Jesus,https://selahonradio.com/?p=9193,"Mercy, Forgiveness, Jesus, Faith, Love, Kindness, Sin, Holiness"
Jesus Of Nazareth,http://www.selahonradio.com/?p=2993,"Mercy, Jesus, Compassion, Worship, Sin, Pride"
Fear Not,http://www.selahonradio.com/?p=3035,"Jesus, Faith, Love, Sin, Aging"
Knowing Your Enemys Strategy,http://www.selahonradio.com/?p=3042,"Mercy, Forgiveness, Spiritual Warfare, Love, Peace, Sin, Adultery, Complaining, Envy, Contentment"
The Imperfect Church,http://www.selahonradio.com/?p=3051,"Prayer, Sin, Complaining"
The Priority of Prayer,https://selahonradio.com/?p=9195,"Forgiveness, Jesus, Heaven, Prayer, Sin"
Youre in His Army Now!,http://www.selahonradio.com/?p=3402,"Jesus, Heaven, Love, Sin"
To Quench Or Not To Quench,http://www.selahonradio.com/?p=3416,"Jesus, Holy Spirit, Faith, Love, Sin, Obedience"
The Counsel Of God,http://www.selahonradio.com/?p=3418,"Jesus, Hell, Sin, Lust, Pride"
The Healing Name of Jesus,http://www.selahonradio.com/?p=3430,"Jesus, Love, Sin"
"Jesus Christ, The Desire of All Nations",https://selahonradio.com/?p=9228,"Jesus, Hope, Love"
The Sweet Gospel of Jesus,http://www.selahonradio.com/?p=3179,"The Cross, Jesus, Faith, Love, Sin, Bitterness"
The Liberty of The Spirit,http://www.selahonradio.com/?p=3184,"Jesus, Compassion, Love, Gentleness, Sin"
The Abundance of God,http://www.selahonradio.com/?p=3186,"Mercy, The Cross, Jesus, Hope, Love, Patience, Goodness, Sin"
Our Faithful Creator,http://www.selahonradio.com/?p=3188,"Jesus, Heaven, Worship, Faith, Joy"
The Tears of Jesus,http://www.selahonradio.com/?p=3213,"Jesus, Heaven, Compassion, Love, Sin, Unbelief"
A Willing Heart,http://www.selahonradio.com/?p=3223,"Jesus, Prayer, Sin"
Our God - Our Comforter,http://www.selahonradio.com/?p=3226,"Jesus, Faith, Love, Faithfulness"
"Come Home, Sinners, Come Home",http://www.selahonradio.com/?p=3236,"Sanctification, Jesus, Salvation, Repentance, Eternal Life, Faith, Death, Love, Sin"
Expectations,http://www.selahonradio.com/?p=3250,"Forgiveness, Jesus, Salvation, Worship, Love, Kindness, Sin"
Christian Joy,http://www.selahonradio.com/?p=3260,"Jesus, Heaven, Prayer, Faith, Spiritual Warfare, Joy, Sin"
Peace in a Troubled World,http://www.selahonradio.com/?p=3278,"Jesus, Heaven, Love, Peace, Sin, Unbelief"
Serving Jesus with Gladness,http://www.selahonradio.com/?p=3292,"Jesus, Worship, Love, Joy, Sin"
The Grace Of God,http://www.selahonradio.com/?p=3302,"Jesus, Salvation, Prayer, Love, Sin"
Giving Gods Way,http://www.selahonradio.com/?p=3318,"Jesus, Heaven, Faith, Love, Sin"
The Call To Endure,http://www.selahonradio.com/?p=3322,"Jesus, Faith, Joy, Patience, Aging, Persecution"
The Man in the Mirror,http://www.selahonradio.com/?p=3326,"Mercy, Jesus, Holy Spirit, Prayer, Sin, Anger, Lust, Adultery, Bitterness, Covetousness, Envy, Jealousy, Fornication, Obedience"
Married To Jesus,http://www.selahonradio.com/?p=3333,"Jesus, Prayer, Faith, Love, Joy"
The Living God,http://www.selahonradio.com/?p=3337,"Mercy, Jesus, Salvation, Heaven, Worship, Love, Sin, Unbelief"
One By One,http://www.selahonradio.com/?p=3346,"Forgiveness, Jesus, God's Care, Hope, Encouragement, Love, Peace, Kindness, Sin"
Purpose of Heart,https://selahonradio.com/?p=9356,"Jesus, Hope, Love, Sin"
His Glorious Name,http://www.selahonradio.com/?p=3550,"Jesus, Worship, Love, Sin, Holiness"
The Invisible Hand of God,http://www.selahonradio.com/?p=3566,"Salvation, Love"
Our God Is Good,http://www.selahonradio.com/?p=3453,"Mercy, Jesus, Holy Spirit, Heaven, Love, Peace, Goodness, Sin"
OJerusalem!,http://www.selahonradio.com/?p=3459,"Jesus, Death, Peace, Sin"
Christ - The Only Rock,http://www.selahonradio.com/?p=3463,"Mercy, Jesus, Heaven, Compassion, Love, Sin, Anger"
Man is Not the Answer,http://www.selahonradio.com/?p=3480,"Salvation, Hope, Love, Sin"
Until You Know,http://www.selahonradio.com/?p=3505,"Jesus, Holy Spirit, Salvation, Joy, Sin, Pride"
The Holy Spirit Of Promise,http://www.selahonradio.com/?p=3511,"Jesus, Holy Spirit, Love, Sin"
The Call Of The Gospel,http://www.selahonradio.com/?p=3515,"Jesus, Salvation, Faith, Hope, Love, Joy, Peace, Sin, Obedience"
You Cannot Serve God And Self,http://www.selahonradio.com/?p=3517,"The Cross, Jesus, Love, Sin"
The Real You,http://www.selahonradio.com/?p=3528,"Sanctification, Jesus, Hell, Death, Love, Joy, Sin, Lust, Adultery"
Faith on Trial,http://www.selahonradio.com/?p=3532,"Jesus, Faith, Hope, Love, Patience, Sin"
Responding To God - Not Reacting To Current Events,http://www.selahonradio.com/?p=3690,"Jesus, Salvation, Hell, Lust"
The Proper Focus,http://www.selahonradio.com/?p=3692,"The Cross, Jesus, Holy Spirit, Prayer, Faith, Love, Joy, Sin, Holiness"
The Faith To Stand Alone,http://www.selahonradio.com/?p=3694,"Jesus, Salvation, Prayer, Faith"
Our Thought Life,http://www.selahonradio.com/?p=3696,"Jesus, Faith, Love, Peace, Obedience"
Heaven on Earth,http://www.selahonradio.com/?p=3707,"Jesus, Heaven, Love, Peace"
The Best Place to Live,http://www.selahonradio.com/?p=3715,"Jesus, Prayer, Love, Sin"
Driven by Desire,http://www.selahonradio.com/?p=3613,"Jesus, Heaven, Worship"
Good For Christ Or Good For Nothing,http://www.selahonradio.com/?p=3624,"Jesus, Salvation, Heaven, Love, Peace, Sin, Lust"
Receive One Another,http://www.selahonradio.com/?p=3626,"Jesus, Faith, Sin, Lust"
The Lord My Strength,http://www.selahonradio.com/?p=3628,"Forgiveness, Jesus, Holy Spirit, Worship, Faith, Love, Sin"
Saved To Serve,http://www.selahonradio.com/?p=3630,"Jesus, Salvation, Prayer, Faith, Love"
New Years Revelation,https://selahonradio.com/?p=4545,"Jesus, Holy Spirit, Peace"
Return Unto Thy Rest,http://www.selahonradio.com/?p=3678,"Jesus, Prayer, Love, Peace, Sin"
Overcoming,http://www.selahonradio.com/?p=3680,"Jesus, Death, Love, Peace, Sin"
Witnesses,https://selahonradio.com/?p=3897,"Jesus, Heaven, Repentance, Hope, Love, Sin"
Pray for One Another,https://selahonradio.com/?p=3918,"Jesus, Heaven, Prayer, Peace, Sin"
Understanding Grace,https://selahonradio.com/?p=3937,"Jesus, Salvation, Heaven, Eternal Life, Worship, Prayer, Death, Love, Sin"
Faith and Unbelief,https://selahonradio.com/?p=3739,"Jesus, Faith, Love, Peace, Goodness, Sin, Unbelief"
The Compassionate Jesus,https://selahonradio.com/?p=3742,"Mercy, Jesus, Compassion, Faith, Miracles, Peace, Sin"
Unity and the Glory of God,https://selahonradio.com/?p=3780,"Mercy, Jesus, Sin"
Continue in the Faith,https://selahonradio.com/?p=3784,"Jesus, Salvation, Faith, Love, Sin"
Forgive One Another,https://selahonradio.com/?p=3864,"Forgiveness, Jesus, Compassion, Faith, Patience, Unbelief"
Excuses,https://selahonradio.com/?p=3870,"Jesus, Prayer, Sin, Counseling"
Victory over Fear,https://selahonradio.com/?p=3893,"The Cross, Jesus, Salvation, Love, Peace, Sin"
Hope,https://selahonradio.com/?p=3948,"Jesus, Hope, Love, Peace"
For Those Who Doubt,https://selahonradio.com/?p=3958,"Mercy, Jesus, Hell, Prayer, Faith, Miracles, Love, Sin"
Others,https://selahonradio.com/?p=3962,"Jesus, Salvation, Love, Joy, Peace, Sin, Pride"
"Form, But No Power",https://selahonradio.com/?p=3965,"The Cross, Jesus, Salvation, Prayer, Faith, Love, Peace, Sin"
A Better Way,https://selahonradio.com/?p=3993,"Jesus, Love, Peace, Anger"
Out Of Control,https://selahonradio.com/?p=4026,"Peace, Lust"
Consider,https://selahonradio.com/?p=4032,"Jesus, Prayer, Hope, Love, Peace"
Just Think About It,https://selahonradio.com/?p=4034,"Jesus, Prayer, Faith, Peace"
Holiness In Action,https://selahonradio.com/?p=4038,"Jesus, Salvation, Heaven, Compassion, Worship, Faith, Love, Sin"
A Good Foundation,https://selahonradio.com/?p=4054,"Jesus, Salvation, Hope, Anger"
Psalm 119 -The Heart Psalm,https://selahonradio.com/?p=4056,"Mercy, Jesus, Holy Spirit, Worship, Joy, Sin"
Hear Him,https://selahonradio.com/?p=4058,"Mercy, Forgiveness, Jesus, Salvation, Prayer, Faith, Love, Peace, Sin"
And He Saw Their Faith,https://selahonradio.com/?p=4067,"Jesus, Faith, Love, Sin, Anger, Unbelief"
The Heart Garden,https://selahonradio.com/?p=4069,Jesus
Be Of Good Cheer,https://selahonradio.com/?p=4085,"Forgiveness, Jesus, Salvation, Heaven, Faith, Encouragement, Love, Peace, Sin, Aging"
Love Not The World,https://selahonradio.com/?p=4097,"The Cross, Jesus, Holy Spirit, Love, Sin"
Pauls Defense and Gods Promises,https://selahonradio.com/?p=4101,"Jesus, Faith, Love"
Biblical Salvation,https://selahonradio.com/?p=3786,"Sanctification, The Cross, Jesus, Salvation, Faith, Sin"
Time To Wise Up,https://selahonradio.com/?p=3972,"Jesus, Sin, Adultery"
You Are Mine,https://selahonradio.com/?p=3983,"Jesus, God's Love, Love, Joy, Peace, Sin"
And He Gave Them Power,https://selahonradio.com/?p=4163,"Forgiveness, Jesus, Holy Spirit, Salvation, Repentance, Love, Sin"
To God Be The Glory,https://selahonradio.com/?p=4168,"Jesus, Encouragement, Joy, Sin, Envy, Jealousy, Pride"
Excellent Things,https://selahonradio.com/?p=4187,"Jesus, Heaven, Faith, Death, Sin"
The Testimony of the Saints,https://selahonradio.com/?p=4191,"Jesus, Compassion, Love, Sin"
Everything for Jesus,https://selahonradio.com/?p=4193,"The Cross, Jesus, Worship, Love, Sin"
Revelation Knowledge,https://selahonradio.com/?p=4201,"Forgiveness, Jesus, Repentance, Faith, Love, Peace, Sin"
And We Know,https://selahonradio.com/?p=4211,"Mercy, Jesus, Faith, Love, Patience, Goodness"
Communion,https://selahonradio.com/?p=4215,"Forgiveness, Jesus, Eternal Life, Faith, Love, Sin"
Peace In The Storms,https://selahonradio.com/?p=4122,"Jesus, Salvation, Eternal Life, Faith, Love, Peace, Sin"
Forgetting...Forsaking...Frustration,https://selahonradio.com/?p=4219,"Jesus, Love, Joy, Sin, Anger, Lust, Pride, Contentment"
Religion Or Relationship,https://selahonradio.com/?p=4223,"Jesus, Salvation, Eternal Life, Faith, Hope, Love, Sin, Self-Righteousness"
Holy Ground,https://selahonradio.com/?p=4247,"Love, Joy, Holiness"
The Work Of God,https://selahonradio.com/?p=4251,"Jesus, Holy Spirit, Salvation, Repentance, Love, Aging"
Holy,https://selahonradio.com/?p=4912,"Jesus, Prayer, Faith, Holiness"
Savior,https://selahonradio.com/?p=4918,"Forgiveness, Jesus, Salvation, Heaven, Prayer, Joy, Sin"
High Priest,https://selahonradio.com/?p=4919,"Jesus, Heaven, Compassion, Faith, Sin"
The Amen Of Revelation,https://selahonradio.com/?p=4921,"Jesus, Holy Spirit, Heaven, Hell, Worship, Faith, Death"
The Sin Offering,https://selahonradio.com/?p=4923,"Sanctification, Forgiveness, Jesus, Faith, Love, Sin"
Holiness,https://selahonradio.com/?p=4930,"Jesus, Holy Spirit, Love, Sin, Holiness"
The Greatest Of These Is Love,https://selahonradio.com/?p=4933,"Jesus, Faith, Hope, Love, Sin"
Do You Know Who Jesus Is?,https://selahonradio.com/?p=4934,"Jesus, Salvation, Heaven, Eternal Life, Prayer, Sin"
Scripture of Truth,https://selahonradio.com/?p=4947,"Heaven, Prayer"
Amazing Grace,https://selahonradio.com/?p=4956,"The Cross, Jesus, Salvation, Heaven, Faith, Love, Joy, Peace, Kindness, Sin"
Amazing Grace Encore!,https://selahonradio.com/?p=4957,"Jesus, Holy Spirit, Salvation, Love, Sin, Pride"
Sanctification - Gods Will For All Saints,https://selahonradio.com/?p=4959,"Sanctification, Forgiveness, Jesus, Holy Spirit, Salvation, Repentance, Sin, Lust, Obedience"
Seek Ye First  A Godward Perspective in Life,https://selahonradio.com/?p=4960,"Jesus, Heaven, Faith, Anger"
He That Overcomes,https://selahonradio.com/?p=4962,"The Cross, Jesus, Faith, Lust"
NOW!,https://selahonradio.com/?p=4970,"Forgiveness, Jesus, Salvation, Repentance, Love"
Do You Know Him?,https://selahonradio.com/?p=4131,"Jesus, Eternal Life, Worship, Faith, Kindness"
Courage,https://selahonradio.com/?p=4257,"Jesus, Faith, Sin, Anger"
"Jesus, Our Example Of Being A Servant",https://selahonradio.com/?p=4282,Jesus
Living for the Glory of God,https://selahonradio.com/?p=4973,"Jesus, Hell, Worship, Love"
God Does Not Forget,https://selahonradio.com/?p=4975,"Jesus, Love, Goodness, Anger, Aging"
"When God is ""Silent""",https://selahonradio.com/?p=4976,"Jesus, Prayer, Faith, Love, Sin"
I Have Purchased You,https://selahonradio.com/?p=4301,"Forgiveness, Jesus, Heaven, Faith"
Chosen Of God,https://selahonradio.com/?p=4319,"Jesus, Eternal Life, Sin"
What Grace Teaches Us,https://selahonradio.com/?p=4323,"Jesus, Salvation, Compassion, Death, Sin, Abuse"
The Call To Baptism,https://selahonradio.com/?p=4337,"Jesus, Holy Spirit, Repentance, Baptism, Faith, Death, Sin"
Faith Obeys,https://selahonradio.com/?p=4340,"Jesus, Faith, Love"
Be Opened,https://selahonradio.com/?p=4261,"Jesus, Salvation, Faith, Hope, Love"
Guess Whos Looking?,https://selahonradio.com/?p=4358,"Jesus, Worship, Faith, Sin"
The Gift of The Holy Ghost,https://selahonradio.com/?p=4379,"Jesus, Holy Spirit"
The Sin of Michal  Worship Police,https://selahonradio.com/?p=4381,"Worship, Love, Joy, Sin"
Priorities,https://selahonradio.com/?p=4409,"Jesus, Prayer, Love, Sin"
Signs And Jesus,https://selahonradio.com/?p=4411,"Jesus, Prayer, Love, Patience, Sin"
Fervent Faith,https://selahonradio.com/?p=4413,"Jesus, Prayer, Faith, Love, Sin"
Prayer for Our Nation,https://selahonradio.com/?p=4425,"Jesus, Prayer, Sin"
Living with a Holy Purpose,https://selahonradio.com/?p=4427,"Joy, Sin"
The Heart of God for Sinners,https://selahonradio.com/?p=9822,"Mercy, Forgiveness, Jesus, Salvation, Heaven, Compassion, Love, Sin, Unbelief"
Choices,https://selahonradio.com/?p=4454,"Jesus, Prayer, Spiritual Warfare, Sin, Obedience"
The Eye Of The Lord,https://selahonradio.com/?p=4491,"Mercy, Jesus, Hope, Love, Obedience"
Dont Forget Heaven,https://selahonradio.com/?p=4496,"Jesus, Heaven, Hope"
Gods Will,https://selahonradio.com/?p=4508,"Jesus, Faith, Obedience"
Gods Timing,https://selahonradio.com/?p=4405,"Jesus, Holy Spirit, Faith"
The World to Come,https://selahonradio.com/?p=9826,"Forgiveness, Jesus, Heaven, Prayer, Hope, Death, Love, Sin"
Philemon  The Epistle of Redemption,https://selahonradio.com/?p=9828,"The Cross, Jesus, Faith, Love, Peace, Sin, Lust"
God is Faithful,https://selahonradio.com/?p=9829,"Jesus, Heaven, Eternal Life, Faith, Love, Peace"
Light  Sent To Rule,https://selahonradio.com/?p=5007,"Mercy, The Cross, Jesus, Worship, Love, Sin"
Purpose,https://selahonradio.com/?p=5009,"Jesus, Faith, Sin, Obedience"
Prophecy  More Than The Eye Can See,https://selahonradio.com/?p=5018,"Jesus, Faith, Death, Sin"
Victory At Ai,https://selahonradio.com/?p=5024,"Jesus, Prayer, Faith, Love, Obedience"
Follow Me,https://selahonradio.com/?p=9831,"Mercy, Jesus, Salvation, Heaven, Compassion, Love, Sin"
Planting Churches Gods Way,https://selahonradio.com/?p=9918,"Jesus, Holy Spirit, Faith, Love, Sin"
The Care of God Our Father,https://selahonradio.com/?p=5031,"Mercy, Jesus, Heaven, Love"
Messengers of Satan - Angels of Light,https://selahonradio.com/?p=5043,"Jesus, Salvation, Love, Sin"
Such As I Have Give I Thee,https://selahonradio.com/?p=5049,"Jesus, Salvation, Prayer, Faith, Joy, Sin"
Longing For God,https://selahonradio.com/?p=4977,"Holy Spirit, Love, Joy, Lust, Covetousness"
The Perfect Path,https://selahonradio.com/?p=4991,"Jesus, Love, Joy, Peace, Sin"
The Fruit Of Love  Refreshment,https://selahonradio.com/?p=4992,"Jesus, Faith, Love, Joy"
Servanthood - Your Claim To Greatness,https://selahonradio.com/?p=4995,"Forgiveness, Jesus, Salvation, Faith, Love, Sin"
That Faithful Word,https://selahonradio.com/?p=5006,"Jesus, Faith, Sin"
The Battle For The Body,https://selahonradio.com/?p=5051,"Jesus, Holy Spirit, Self Control, Sin"
Remember Where Home Is,https://selahonradio.com/?p=5055,"Jesus, Heaven, Eternal Life, Faith, Joy, Sin"
Character,https://selahonradio.com/?p=5057,"Jesus, Holy Spirit, Faith, Hope, Love, Joy, Patience"
November 19. 2024,https://selahonradio.com/?p=11671,"Jesus, Prayer"
What&#039;s Missing?,http://www.koinoniafellowship.com/rayviola/?p=2298,"Jesus, Heaven, Love, Sin, Friendship"
Fasting And Marriage,https://selahonradio.com/?p=5651,"Jesus, Holy Spirit"
Set Your Eyes Upon Jesus,https://selahonradio.com/?p=5968,"Jesus, Holy Spirit, Heaven, Worship, Prayer"
"February3, 2025",https://selahonradio.com/?p=11892,Jesus
The Great Commission,http://www.koinoniafellowship.com/rayviola/?p=1577,"Jesus, Salvation, Heaven, Worship, Peace, Sin, Obedience"
God&#039;s promises and tribulation,http://www.koinoniafellowship.com/rayviola/?p=1588,"Jesus, Heaven, Worship, Hope, Death, Love, Peace, Sin"
Why do you worship God?,http://www.koinoniafellowship.com/rayviola/?p=1590,"Heaven, Worship, Faith, Love, Sin"
The Heart Garden,http://www.koinoniafellowship.com/rayviola/?p=1595,Jesus
Manna or The Master?,http://www.koinoniafellowship.com/rayviola/?p=1604,"Jesus, Faith, Hope, Love, Sin, Lust, Covetousness, Self-Righteousness, Pride, Greed, Contentment"
THIS IS WAR!,http://www.koinoniafellowship.com/rayviola/?p=1606,"Jesus, Salvation, Love, Sin, Anger, Lust, Envy"
Be of Good Cheer,http://www.koinoniafellowship.com/rayviola/?p=1608,"Forgiveness, Jesus, Salvation, Heaven, Faith, Encouragement, Love, Peace, Sin, Aging"
A priesthood of ministers,http://www.koinoniafellowship.com/rayviola/?p=1691,"Jesus, Heaven, Compassion, Prayer, Love, Kindness, Sin"
For Those Who Are Overwhelmed,https://selahonradio.com/?p=6772,"Jesus, Hell, Prayer, Sin, Unbelief, Aging"
Everyone is Wholly,https://selahonradio.com/?p=7038,"Jesus, Death, Peace, Unbelief, Idolatry"
"Good News, Not Good Advice",https://selahonradio.com/?p=8403,"Jesus, Heaven, Worship, Death, Sin, Anger"
Hope,/?p=743,"Jesus, Hope, Love, Peace"
Psalm 111 - A Psalm of Praise,http://www.koinoniafellowship.com/rayviola/?p=1579,"Sanctification, The Cross, Jesus, Salvation, Heaven, Baptism, Compassion, Worship, Prayer, Faith, Encouragement, Love, Goodness, Faithfulness, Sin, Holiness, Integrity"
What if?,http://www.koinoniafellowship.com/rayviola/?p=1582,"Salvation, Love, Sin"
Come after Me,http://www.koinoniafellowship.com/rayviola/?p=1584,"Jesus, Love, Sin"
He saw their faith,http://www.koinoniafellowship.com/rayviola/?p=1586,"Mercy, Forgiveness, Jesus, Faith, Love, Kindness, Sin, Anger"
Salty Saints,http://www.koinoniafellowship.com/rayviola/?p=1597,"Jesus, Faith, Hope, Love, Peace, Faithfulness, Sin"
"Salty Saints, a sequel",http://www.koinoniafellowship.com/rayviola/?p=1599,"The Cross, Jesus, Compassion, Faith, Love, Peace, Sin, Obedience"
God&#039;s presence for a troubled church,http://www.koinoniafellowship.com/rayviola/?p=1682,"Forgiveness, The Cross, Jesus, Holy Spirit, Heaven, Repentance, Spiritual Gifts, Love, Sin, Lust"
The dangers of division,http://www.koinoniafellowship.com/rayviola/?p=1684,"Mercy, Jesus, Salvation, Worship, Sin, Anger, Envy"
A Recipe of Faith,http://www.koinoniafellowship.com/rayviola/?p=1686,"Jesus, Prayer, Faith, Death, Love, Anger"
The Old Rugged Cross,http://www.koinoniafellowship.com/rayviola/?p=1689,"The Cross, Jesus, Salvation, Heaven, Worship, Faith, Death, Love, Sin"
Facebook or Your Face in The Book?,http://www.selahonradio.com/?p=3240,"Jesus, Prayer, Faith, Hope, Love, Joy, Sin"
Fellowship In The Gospel,/?p=47,"Jesus, Love"
Believing God,http://www.koinoniafellowship.com/rayviola/?p=1693,"Jesus, Faith, Miracles, Love"
Receiving one another glorifies God,http://www.koinoniafellowship.com/rayviola/?p=1696,"The Cross, Jesus, Heaven, Worship, Prayer, Faith, Love, Patience, Obedience"
God&#039;s Unmerited Grace,http://www.koinoniafellowship.com/rayviola/?p=1698,"The Cross, Jesus, Holy Spirit, Heaven, Faith, Faithfulness, Sin, Complaining"
The beauty and cost of worship,http://www.koinoniafellowship.com/rayviola/?p=1703,"The Cross, Jesus, Worship, Death, Love, Joy, Sin"
Great is Thy Faithfulness,http://www.koinoniafellowship.com/rayviola/?p=1706,"Jesus, Eternal Life, Faith, Hope, Love, Faithfulness, Sin"
Loved of The Father,http://www.koinoniafellowship.com/rayviola/?p=1712,"Mercy, The Cross, Jesus, God's Love, Hope, Love, Joy, Sin, Holiness, Obedience"
How do you spell success?,http://www.koinoniafellowship.com/rayviola/?p=1717,"Jesus, Faith, Love"
Growing together in Christ,http://www.koinoniafellowship.com/rayviola/?p=1720,"The Cross, Jesus, Holy Spirit, Hell, Worship, Prayer, Faith, Hope, Spiritual Gifts, Love, Joy, Patience, Sin, Anger, Friendship"
"Open Our Eyes, Lord",https://selahonradio.com/?p=6487,"Jesus, Salvation, Faith, Love, Peace"
"Purity, not Promiscuity",https://selahonradio.com/?p=6490,"Jesus, Worship, Faith, Love, Sin, Holiness"
Living Faith,https://selahonradio.com/?p=6491,"Jesus, Faith, Sin"
Done For Us,https://selahonradio.com/?p=6492,"The Cross, Jesus, Faith, Sin"
Keep Thyself Pure,https://selahonradio.com/?p=6493,"Jesus, Compassion, Faith, Love, Sin, Fornication"
Jesus The Redeemer and Revealer of The Father,https://selahonradio.com/?p=6494,"Mercy, Forgiveness, Jesus, Faith, Love, Kindness, Goodness, Sin"
Whats in Your Heart?,https://selahonradio.com/?p=6794,"Mercy, Jesus, Worship, Love"
The Olivet Discourse,https://selahonradio.com/?p=8400,"Jesus, Sin"
"Men of God, Rise Up!",https://selahonradio.com/?p=8402,Hell
Blessed Are The Poor In Spirit,/?p=41,"Forgiveness, Jesus, Holy Spirit, Heaven, Faith, Hope, Love, Sin, Holiness"
"Mourning, The Path To Divine Comfort",/?p=44,"Mercy, Jesus, Faith, Hope, Love, Sin, Aging"
"On Sunday Morning. Be the church, just don't go there.",/?p=453,"Jesus, Holy Spirit, Worship, Prayer, Love, Sin, Leadership"
Seeking God,/?p=458,"Sanctification, Jesus, Repentance, Prayer, Faith, Sin"
"The Gospel Is Not Good Advice, It's Good News!",https://selahonradio.com/?p=6513,"Jesus, Faith, Death, Love, Sin"
Redemption: The Heart of the Gospel,https://selahonradio.com/?p=6533,"Jesus, Salvation, Death, Love, Joy, Sin"
The Healing Touch of Jesus,https://selahonradio.com/?p=6534,"Jesus, Prayer, Faith, Death, Love, Peace"
How To Grow In Grace And Maturity,https://selahonradio.com/?p=6546,"Jesus, Love, Anger, Pride"
Don't Live For Yourself,https://selahonradio.com/?p=6550,"The Cross, Jesus, Joy, Peace, Sin"
Jesus Cares For You,https://selahonradio.com/?p=6552,"Forgiveness, Jesus, God's Care, Hope, Encouragement, Love, Peace, Kindness, Sin"
Dealing With Self-Righteousness,https://selahonradio.com/?p=6553,"Mercy, Jesus, Holy Spirit, Prayer, Sin, Anger, Lust, Adultery, Bitterness, Covetousness, Envy, Jealousy, Fornication, Obedience"
The Living God,https://selahonradio.com/?p=6554,"Mercy, Jesus, Salvation, Heaven, Worship, Love, Sin, Unbelief"
Following Him,https://selahonradio.com/?p=6575,"Jesus, Heaven, Love, Unbelief"
Remember Me,https://selahonradio.com/?p=6578,"Forgiveness, Jesus, Holy Spirit, Salvation, Heaven, Eternal Life, Love, Sin"
Defilement,https://selahonradio.com/?p=6799,"Jesus, Joy, Peace, Sin, Gossip"
The Perfect Path,https://selahonradio.com/?p=6801,"Jesus, Love, Joy, Peace, Sin"
The Fruit Of Love - Refreshment,https://selahonradio.com/?p=6802,"Jesus, Faith, Love, Joy"
Agape In Everything,https://selahonradio.com/?p=6803,"The Cross, Jesus, Eternal Life, Faith, Hope, Love, Joy, Peace, Hypocrisy"
You Shall Be Witnesses Unto Me,https://selahonradio.com/?p=6804,"Jesus, Holy Spirit, Spiritual Gifts, Sin"
Colossians 1: 15-17,/?p=141,"Mercy, Forgiveness, The Cross, Jesus, Holy Spirit, Salvation, Heaven, Hell, Worship, Faith, Death, Love, Joy, Peace, Goodness, Sin, Anger, Blasphemy"
Lord&#039;s Supper - 1 John 1-2.1,/?p=246,"Forgiveness, The Cross, Jesus, Holy Spirit, Salvation, Repentance, Eternal Life, Faith, Hope, Death, Love, Joy, Patience, Sin, Anger, Lust, Friendship"
Father&#039;s Day - 2013,/?p=264,"Mercy, Forgiveness, The Cross, Jesus, Heaven, Hell, Compassion, Prayer, Faith, Hope, Encouragement, Death, Love, Joy, Peace, Patience, Kindness, Goodness, Sin, Leadership, Holiness, Obedience, Parenting"
Mother&#039;s Day - 2013,/?p=267,"Jesus, Holy Spirit, Salvation, Faith, Love, Joy, Peace, Patience, Kindness, Faithfulness, Self Control, Sin, Anger, Lust, Adultery, Fornication, Gossip, Holiness"
Colossians 3:1-4 - Our Identity in Christ,/?p=278,"Jesus, Salvation, Sin"
Prayer for the Saints,/?p=909,"Jesus, Prayer, Faith, Love, Kindness"
"In Hard Times, Dont Harden",https://selahonradio.com/?p=6775,"Mercy, Jesus, Worship, Faith, Patience, Sin, Integrity"
